numbers,powerball,date_format
"['24', '26', '28', '59', '63']",16,2017-11-29
"['8', '13', '27', '53', '54']",4,2017-11-25
"['35', '37', '46', '51', '61']",13,2017-11-22
"['17', '28', '31', '32', '39']",26,2017-11-18
"['23', '32', '44', '48', '50']",25,2017-11-15
"['4', '6', '16', '30', '56']",18,2017-11-11
"['12', '14', '20', '21', '34']",22,2017-11-08
"['12', '14', '26', '48', '51']",13,2017-11-04
"['3', '6', '19', '26', '44']",1,2017-11-01
"['27', '35', '38', '57', '66']",10,2017-10-28
"['18', '22', '29', '54', '57']",8,2017-10-25
"['14', '41', '42', '45', '69']",4,2017-10-21
"['30', '49', '54', '66', '69']",8,2017-10-18
"['32', '37', '56', '66', '69']",11,2017-10-14
"['1', '3', '13', '19', '69']",23,2017-10-11
"['10', '49', '61', '63', '65']",7,2017-10-07
"['22', '23', '62', '63', '66']",24,2017-10-04
"['8', '12', '25', '41', '64']",15,2017-09-30
"['8', '10', '21', '23', '25']",22,2017-09-27
"['24', '45', '55', '56', '57']",19,2017-09-23
"['39', '48', '53', '67', '68']",26,2017-09-20
"['17', '18', '24', '25', '31']",24,2017-09-16
"['17', '24', '35', '57', '63']",19,2017-09-13
"['6', '20', '29', '57', '59']",22,2017-09-09
"['8', '14', '32', '58', '67']",17,2017-09-06
"['6', '21', '41', '52', '62']",26,2017-09-02
"['19', '28', '43', '67', '69']",7,2017-08-30
"['7', '15', '32', '38', '66']",15,2017-08-26
"['6', '7', '16', '23', '26']",4,2017-08-23
"['17', '19', '39', '43', '68']",13,2017-08-19
"['9', '15', '43', '60', '64']",4,2017-08-16
"['20', '24', '26', '35', '49']",19,2017-08-12
"['12', '30', '36', '47', '62']",9,2017-08-09
"['11', '21', '28', '33', '45']",11,2017-08-05
"['1', '16', '54', '63', '69']",18,2017-08-02
"['1', '28', '40', '45', '48']",12,2017-07-29
"['7', '19', '21', '42', '69']",12,2017-07-26
"['5', '32', '44', '53', '60']",9,2017-07-22
"['50', '51', '59', '61', '63']",4,2017-07-19
"['9', '40', '63', '64', '66']",17,2017-07-15
"['1', '2', '18', '23', '61']",9,2017-07-12
"['8', '10', '29', '40', '59']",26,2017-07-08
"['4', '9', '16', '54', '68']",21,2017-07-05
"['19', '42', '45', '48', '53']",16,2017-07-01
"['29', '37', '46', '53', '68']",8,2017-06-28
"['10', '22', '32', '36', '58']",10,2017-06-24
"['14', '46', '61', '65', '68']",13,2017-06-21
"['10', '13', '32', '53', '62']",21,2017-06-17
"['5', '22', '43', '57', '63']",24,2017-06-14
"['20', '26', '32', '38', '58']",3,2017-06-10
"['5', '21', '57', '66', '69']",13,2017-06-07
"['3', '9', '21', '41', '54']",25,2017-06-03
"['4', '33', '39', '46', '60']",6,2017-05-31
"['5', '10', '28', '55', '67']",9,2017-05-27
"['28', '32', '33', '38', '62']",15,2017-05-24
"['5', '22', '45', '47', '54']",3,2017-05-20
"['4', '11', '39', '45', '48']",9,2017-05-17
"['17', '20', '32', '63', '68']",19,2017-05-13
"['29', '31', '46', '56', '62']",8,2017-05-10
"['11', '21', '31', '41', '59']",21,2017-05-06
"['17', '18', '49', '59', '66']",9,2017-05-03
"['22', '23', '24', '45', '62']",5,2017-04-29
"['1', '15', '18', '26', '51']",26,2017-04-26
"['21', '39', '41', '48', '63']",6,2017-04-22
"['1', '19', '37', '40', '52']",15,2017-04-19
"['5', '22', '26', '45', '61']",13,2017-04-15
"['8', '14', '61', '63', '68']",24,2017-04-12
"['23', '36', '51', '53', '60']",15,2017-04-08
"['8', '20', '46', '53', '54']",13,2017-04-05
"['9', '32', '36', '44', '65']",1,2017-04-01
"['8', '15', '31', '36', '62']",11,2017-03-29
"['18', '31', '32', '45', '48']",16,2017-03-25
"['2', '9', '27', '29', '42']",9,2017-03-22
"['13', '25', '44', '54', '67']",5,2017-03-18
"['16', '30', '41', '48', '53']",16,2017-03-15
"['1', '26', '41', '50', '57']",11,2017-03-11
"['23', '33', '42', '46', '59']",4,2017-03-08
"['2', '18', '19', '22', '63']",19,2017-03-04
"['10', '16', '40', '52', '55']",17,2017-03-01
"['6', '32', '47', '62', '65']",19,2017-02-25
"['10', '13', '28', '52', '61']",2,2017-02-22
"['3', '7', '9', '31', '33']",20,2017-02-18
"['5', '28', '33', '38', '42']",19,2017-02-15
"['5', '9', '17', '37', '64']",2,2017-02-11
"['14', '20', '42', '49', '66']",5,2017-02-08
"['6', '13', '16', '17', '52']",25,2017-02-04
"['9', '43', '57', '60', '64']",10,2017-02-01
"['12', '20', '39', '49', '69']",17,2017-01-28
"['18', '28', '62', '66', '68']",22,2017-01-25
"['23', '25', '45', '52', '67']",2,2017-01-21
"['9', '40', '41', '53', '58']",12,2017-01-18
"['23', '55', '59', '64', '69']",13,2017-01-14
"['1', '3', '13', '16', '43']",24,2017-01-11
"['3', '12', '24', '37', '63']",10,2017-01-07
"['16', '17', '29', '41', '42']",4,2017-01-04
"['1', '3', '28', '57', '67']",9,2016-12-31
"['16', '23', '30', '44', '58']",4,2016-12-28
"['28', '38', '42', '51', '52']",21,2016-12-24
"['25', '33', '40', '54', '68']",3,2016-12-21
"['1', '8', '16', '40', '48']",10,2016-12-17
"['18', '26', '37', '39', '66']",15,2016-12-14
"['12', '21', '32', '44', '66']",15,2016-12-10
"['41', '48', '49', '53', '64']",20,2016-12-07
"['8', '10', '26', '27', '33']",22,2016-12-03
"['3', '14', '18', '25', '45']",7,2016-11-30
"['17', '19', '21', '37', '44']",16,2016-11-26
"['7', '32', '41', '47', '61']",3,2016-11-23
"['16', '24', '28', '43', '61']",21,2016-11-19
"['28', '41', '61', '63', '65']",7,2016-11-16
"['8', '17', '20', '27', '52']",24,2016-11-12
"['1', '25', '28', '31', '54']",2,2016-11-09
"['21', '31', '50', '51', '69']",8,2016-11-05
"['13', '18', '37', '54', '61']",5,2016-11-02
"['19', '20', '21', '42', '48']",23,2016-10-29
"['2', '3', '16', '48', '56']",24,2016-10-26
"['1', '28', '33', '55', '56']",22,2016-10-22
"['10', '16', '38', '43', '63']",23,2016-10-19
"['23', '49', '57', '64', '67']",20,2016-10-15
"['16', '30', '34', '37', '44']",16,2016-10-12
"['3', '54', '61', '64', '68']",9,2016-10-08
"['8', '18', '27', '29', '60']",15,2016-10-05
"['2', '12', '50', '61', '64']",1,2016-10-01
"['30', '38', '52', '53', '62']",1,2016-09-28
"['7', '15', '20', '29', '41']",22,2016-09-24
"['1', '28', '63', '67', '69']",17,2016-09-21
"['9', '19', '51', '55', '62']",14,2016-09-17
"['10', '11', '23', '28', '31']",14,2016-09-14
"['3', '17', '49', '55', '68']",8,2016-09-10
"['22', '23', '29', '33', '55']",21,2016-09-07
"['7', '39', '50', '59', '67']",25,2016-09-03
"['5', '10', '24', '56', '61']",12,2016-08-31
"['4', '32', '48', '49', '63']",20,2016-08-27
"['9', '11', '25', '64', '65']",16,2016-08-24
"['3', '6', '21', '60', '68']",24,2016-08-20
"['33', '44', '49', '50', '52']",8,2016-08-17
"['38', '44', '60', '64', '69']",6,2016-08-13
"['23', '56', '61', '64', '67']",12,2016-08-10
"['20', '33', '36', '47', '52']",12,2016-08-06
"['9', '11', '27', '66', '67']",2,2016-08-03
"['11', '17', '21', '23', '32']",5,2016-07-30
"['10', '47', '50', '65', '68']",24,2016-07-27
"['5', '7', '23', '35', '39']",11,2016-07-23
"['6', '25', '35', '58', '66']",5,2016-07-20
"['11', '17', '40', '50', '62']",26,2016-07-16
"['3', '15', '29', '54', '57']",10,2016-07-13
"['10', '28', '32', '61', '64']",12,2016-07-09
"['2', '24', '31', '57', '66']",18,2016-07-06
"['10', '34', '39', '59', '63']",4,2016-07-02
"['23', '29', '37', '60', '64']",6,2016-06-29
"['3', '27', '36', '56', '69']",25,2016-06-25
"['14', '40', '42', '43', '52']",17,2016-06-22
"['2', '23', '41', '53', '63']",11,2016-06-18
"['4', '22', '24', '31', '33']",10,2016-06-15
"['20', '27', '36', '41', '58']",7,2016-06-11
"['12', '25', '37', '60', '69']",20,2016-06-08
"['16', '20', '22', '43', '64']",17,2016-06-04
"['23', '30', '33', '40', '69']",12,2016-06-01
"['6', '33', '34', '58', '59']",12,2016-05-28
"['11', '24', '41', '59', '64']",15,2016-05-25
"['5', '7', '9', '23', '32']",26,2016-05-21
"['23', '25', '39', '54', '67']",11,2016-05-18
"['13', '27', '47', '64', '65']",9,2016-05-14
"['20', '32', '52', '66', '69']",23,2016-05-11
"['5', '25', '26', '44', '66']",9,2016-05-07
"['30', '47', '57', '66', '69']",3,2016-05-04
"['3', '12', '16', '32', '34']",14,2016-04-30
"['2', '25', '33', '39', '64']",17,2016-04-27
"['19', '35', '46', '59', '62']",13,2016-04-23
"['12', '25', '30', '52', '62']",8,2016-04-20
"['3', '18', '25', '32', '51']",3,2016-04-16
"['30', '33', '35', '38', '64']",22,2016-04-13
"['14', '22', '23', '41', '61']",9,2016-04-09
"['4', '28', '49', '60', '65']",25,2016-04-06
"['9', '28', '30', '40', '61']",3,2016-04-02
"['24', '44', '53', '55', '63']",19,2016-03-30
"['11', '23', '42', '52', '68']",6,2016-03-26
"['5', '8', '15', '22', '49']",25,2016-03-23
"['11', '23', '43', '54', '60']",3,2016-03-19
"['10', '12', '13', '46', '50']",21,2016-03-16
"['11', '28', '50', '57', '62']",23,2016-03-12
"['14', '23', '32', '34', '68']",3,2016-03-09
"['3', '27', '34', '59', '69']",19,2016-03-05
"['12', '13', '44', '52', '62']",6,2016-03-02
"['10', '11', '21', '22', '53']",18,2016-02-27
"['21', '31', '64', '65', '67']",5,2016-02-24
"['11', '12', '15', '16', '54']",25,2016-02-20
"['7', '17', '27', '29', '40']",25,2016-02-17
"['7', '15', '18', '19', '36']",20,2016-02-13
"['2', '3', '40', '50', '62']",5,2016-02-10
"['4', '13', '31', '36', '52']",8,2016-02-06
"['26', '28', '31', '60', '67']",23,2016-02-03
"['5', '12', '16', '31', '43']",18,2016-01-30
"['3', '12', '40', '52', '67']",21,2016-01-27
"['22', '32', '34', '40', '69']",19,2016-01-23
"['5', '39', '44', '47', '69']",24,2016-01-20
"['3', '51', '52', '61', '64']",6,2016-01-16
"['4', '8', '19', '27', '34']",10,2016-01-13
"['16', '19', '32', '34', '57']",13,2016-01-09
"['2', '11', '47', '62', '63']",17,2016-01-06
"['5', '6', '15', '29', '42']",10,2016-01-02
"['12', '36', '38', '54', '61']",22,2015-12-30
"['27', '40', '44', '59', '65']",20,2015-12-26
"['16', '38', '55', '63', '67']",25,2015-12-23
"['28', '30', '41', '59', '68']",10,2015-12-19
"['9', '10', '32', '42', '55']",6,2015-12-16
"['2', '14', '19', '30', '62']",22,2015-12-12
"['7', '10', '16', '46', '56']",1,2015-12-09
"['13', '27', '33', '47', '68']",13,2015-12-05
"['14', '18', '19', '32', '64']",9,2015-12-02
"['2', '6', '47', '66', '67']",2,2015-11-28
"['16', '29', '53', '58', '69']",21,2015-11-25
"['37', '47', '50', '52', '57']",21,2015-11-21
"['17', '40', '41', '46', '69']",6,2015-11-18
"['14', '22', '37', '45', '66']",5,2015-11-14
"['4', '26', '32', '55', '64']",18,2015-11-11
"['7', '16', '25', '50', '53']",15,2015-11-07
"['2', '12', '17', '20', '65']",17,2015-11-04
"['9', '20', '25', '47', '68']",7,2015-10-31
"['4', '54', '56', '62', '63']",10,2015-10-28
"['20', '31', '56', '60', '64']",2,2015-10-24
"['30', '32', '42', '56', '57']",11,2015-10-21
"['48', '49', '57', '62', '69']",19,2015-10-17
"['15', '20', '29', '31', '40']",1,2015-10-14
"['12', '27', '29', '43', '68']",1,2015-10-10
"['18', '30', '40', '48', '52']",9,2015-10-07
"['6', '26', '33', '44', '46']",4,2015-10-03
"['21', '39', '40', '55', '59']",17,2015-09-30
"['23', '31', '42', '50', '57']",5,2015-09-26
"['8', '29', '41', '51', '58']",5,2015-09-23
"['12', '17', '26', '43', '48']",24,2015-09-19
"['5', '7', '24', '31', '39']",7,2015-09-16
"['2', '3', '13', '16', '35']",27,2015-09-12
"['44', '45', '47', '50', '51']",8,2015-09-09
"['10', '16', '18', '29', '45']",19,2015-09-05
"['17', '22', '30', '46', '56']",16,2015-09-02
"['18', '21', '25', '28', '29']",16,2015-08-29
"['2', '22', '32', '45', '56']",12,2015-08-26
"['4', '12', '14', '21', '55']",7,2015-08-22
"['6', '8', '43', '48', '50']",7,2015-08-19
"['3', '13', '17', '42', '52']",24,2015-08-15
"['8', '13', '29', '38', '52']",28,2015-08-12
"['9', '34', '48', '52', '54']",15,2015-08-08
"['9', '11', '14', '16', '42']",19,2015-08-05
"['7', '13', '24', '49', '57']",15,2015-08-01
"['4', '22', '27', '28', '52']",35,2015-07-29
"['27', '29', '34', '41', '44']",2,2015-07-25
"['12', '31', '43', '44', '57']",11,2015-07-22
"['6', '37', '39', '45', '55']",33,2015-07-18
"['13', '16', '34', '45', '50']",11,2015-07-15
"['11', '39', '46', '52', '54']",3,2015-07-11
"['4', '15', '25', '27', '30']",18,2015-07-08
"['3', '6', '14', '18', '24']",21,2015-07-04
"['7', '24', '26', '31', '41']",25,2015-07-01
"['18', '28', '35', '46', '49']",27,2015-06-27
"['3', '5', '10', '22', '32']",7,2015-06-24
"['9', '10', '16', '20', '57']",15,2015-06-20
"['20', '21', '22', '41', '54']",7,2015-06-17
"['29', '41', '48', '52', '54']",29,2015-06-13
"['31', '32', '48', '49', '53']",25,2015-06-10
"['8', '13', '18', '27', '43']",15,2015-06-06
"['6', '8', '13', '37', '40']",11,2015-06-03
"['8', '9', '25', '56', '57']",22,2015-05-30
"['8', '15', '34', '53', '59']",23,2015-05-27
"['9', '15', '17', '31', '43']",16,2015-05-23
"['1', '12', '28', '35', '44']",25,2015-05-20
"['24', '29', '38', '48', '52']",32,2015-05-16
"['1', '25', '29', '31', '47']",7,2015-05-13
"['4', '15', '17', '35', '58']",17,2015-05-09
"['23', '24', '27', '39', '41']",30,2015-05-06
"['2', '6', '11', '30', '31']",33,2015-05-02
"['1', '26', '34', '38', '51']",6,2015-04-29
"['21', '33', '35', '38', '45']",12,2015-04-25
"['10', '14', '25', '39', '53']",18,2015-04-22
"['13', '22', '23', '29', '31']",17,2015-04-18
"['1', '16', '21', '29', '40']",30,2015-04-15
"['1', '12', '32', '42', '58']",12,2015-04-11
"['1', '19', '45', '46', '58']",29,2015-04-08
"['33', '39', '40', '41', '54']",28,2015-04-04
"['2', '30', '33', '39', '44']",1,2015-04-01
"['2', '4', '6', '12', '38']",17,2015-03-28
"['7', '19', '23', '50', '54']",14,2015-03-25
"['11', '16', '30', '38', '42']",7,2015-03-21
"['14', '25', '30', '33', '47']",8,2015-03-18
"['8', '14', '39', '46', '47']",18,2015-03-14
"['11', '24', '31', '40', '44']",27,2015-03-11
"['34', '36', '38', '42', '50']",33,2015-03-07
"['8', '12', '15', '35', '50']",32,2015-03-04
"['11', '17', '25', '28', '46']",12,2015-02-28
"['17', '19', '21', '32', '39']",8,2015-02-25
"['10', '14', '18', '34', '51']",26,2015-02-21
"['1', '9', '29', '32', '49']",22,2015-02-18
"['1', '24', '44', '45', '51']",28,2015-02-14
"['11', '13', '25', '39', '54']",19,2015-02-11
"['5', '10', '21', '34', '58']",33,2015-02-07
"['24', '36', '51', '52', '56']",22,2015-02-04
"['5', '11', '16', '26', '50']",34,2015-01-31
"['12', '24', '35', '36', '49']",1,2015-01-28
"['16', '19', '20', '29', '33']",10,2015-01-24
"['11', '12', '15', '28', '57']",23,2015-01-21
"['15', '16', '23', '27', '36']",9,2015-01-17
"['2', '4', '10', '41', '53']",22,2015-01-14
"['2', '9', '19', '28', '29']",19,2015-01-10
"['14', '15', '47', '49', '59']",10,2015-01-07
"['4', '18', '43', '46', '55']",25,2015-01-03
"['17', '27', '37', '40', '53']",35,2014-12-31
"['7', '10', '11', '14', '36']",15,2014-12-27
"['11', '12', '46', '47', '50']",22,2014-12-24
"['14', '15', '19', '31', '56']",5,2014-12-20
"['22', '31', '38', '47', '48']",15,2014-12-17
"['5', '13', '28', '43', '55']",33,2014-12-13
"['34', '44', '48', '54', '55']",10,2014-12-10
"['12', '15', '22', '43', '49']",14,2014-12-06
"['25', '30', '32', '46', '54']",26,2014-12-03
"['13', '24', '30', '42', '48']",27,2014-11-29
"['16', '17', '22', '46', '54']",35,2014-11-26
"['23', '49', '53', '54', '57']",35,2014-11-22
"['6', '36', '38', '48', '51']",17,2014-11-19
"['13', '16', '33', '35', '51']",28,2014-11-15
"['37', '39', '51', '52', '55']",11,2014-11-12
"['9', '19', '33', '38', '54']",15,2014-11-08
"['2', '11', '19', '21', '42']",34,2014-11-05
"['1', '3', '13', '25', '38']",17,2014-11-01
"['25', '28', '48', '57', '59']",16,2014-10-29
"['6', '10', '51', '54', '57']",12,2014-10-25
"['29', '30', '40', '42', '50']",16,2014-10-22
"['20', '26', '27', '36', '54']",19,2014-10-18
"['5', '7', '19', '27', '28']",20,2014-10-15
"['10', '19', '37', '38', '39']",28,2014-10-11
"['5', '16', '31', '46', '50']",18,2014-10-08
"['13', '18', '24', '25', '33']",31,2014-10-04
"['1', '4', '18', '20', '45']",7,2014-10-01
"['2', '11', '35', '52', '54']",13,2014-09-27
"['7', '14', '21', '24', '41']",26,2014-09-24
"['22', '23', '30', '37', '39']",16,2014-09-20
"['18', '25', '36', '48', '50']",23,2014-09-17
"['1', '6', '16', '37', '53']",27,2014-09-13
"['2', '14', '39', '40', '43']",13,2014-09-10
"['9', '29', '31', '43', '50']",18,2014-09-06
"['2', '16', '43', '45', '51']",35,2014-09-03
"['5', '28', '31', '52', '59']",27,2014-08-30
"['17', '24', '26', '45', '46']",19,2014-08-27
"['28', '32', '35', '36', '52']",31,2014-08-23
"['4', '8', '21', '38', '40']",3,2014-08-20
"['7', '8', '17', '48', '59']",9,2014-08-16
"['8', '37', '39', '40', '52']",24,2014-08-13
"['3', '12', '31', '34', '51']",24,2014-08-09
"['1', '8', '24', '28', '49']",24,2014-08-06
"['12', '26', '44', '46', '47']",29,2014-08-02
"['13', '30', '42', '49', '53']",29,2014-07-30
"['24', '28', '30', '38', '39']",16,2014-07-26
"['4', '10', '12', '22', '31']",3,2014-07-23
"['10', '17', '25', '45', '53']",9,2014-07-19
"['5', '15', '18', '26', '32']",35,2014-07-16
"['2', '3', '7', '23', '51']",26,2014-07-12
"['9', '25', '42', '55', '57']",14,2014-07-09
"['24', '34', '36', '57', '58']",11,2014-07-05
"['8', '18', '45', '53', '58']",35,2014-07-02
"['8', '12', '34', '43', '56']",9,2014-06-28
"['10', '20', '25', '50', '53']",35,2014-06-25
"['5', '6', '37', '41', '54']",26,2014-06-21
"['6', '9', '29', '52', '59']",7,2014-06-18
"['9', '33', '42', '45', '54']",30,2014-06-14
"['14', '18', '25', '33', '49']",23,2014-06-11
"['28', '30', '35', '58', '59']",15,2014-06-07
"['1', '7', '10', '22', '49']",24,2014-06-04
"['15', '27', '31', '34', '48']",1,2014-05-31
"['2', '24', '28', '32', '59']",25,2014-05-28
"['15', '16', '28', '49', '55']",18,2014-05-24
"['4', '20', '34', '39', '58']",31,2014-05-21
"['23', '32', '39', '47', '49']",22,2014-05-17
"['7', '33', '39', '52', '55']",33,2014-05-14
"['4', '31', '41', '47', '55']",1,2014-05-10
"['17', '29', '31', '48', '49']",34,2014-05-07
"['5', '15', '16', '46', '49']",26,2014-05-03
"['2', '9', '11', '19', '50']",32,2014-04-30
"['3', '7', '22', '30', '33']",20,2014-04-26
"['19', '25', '29', '36', '48']",12,2014-04-23
"['5', '6', '29', '35', '51']",21,2014-04-19
"['34', '39', '42', '44', '59']",8,2014-04-16
"['14', '26', '45', '54', '55']",20,2014-04-12
"['9', '14', '44', '48', '49']",29,2014-04-09
"['11', '21', '26', '33', '34']",29,2014-04-05
"['8', '13', '19', '22', '53']",24,2014-04-02
"['2', '3', '12', '27', '38']",17,2014-03-29
"['28', '33', '41', '44', '59']",21,2014-03-26
"['13', '28', '31', '55', '58']",15,2014-03-22
"['2', '19', '23', '34', '43']",14,2014-03-19
"['2', '5', '34', '51', '58']",9,2014-03-15
"['14', '15', '28', '37', '54']",10,2014-03-12
"['10', '14', '24', '32', '41']",30,2014-03-08
"['3', '7', '9', '26', '54']",19,2014-03-05
"['3', '8', '25', '30', '47']",13,2014-03-01
"['11', '12', '17', '38', '42']",2,2014-02-26
"['2', '3', '13', '14', '54']",4,2014-02-22
"['1', '17', '35', '49', '54']",34,2014-02-19
"['2', '9', '14', '21', '23']",3,2014-02-15
"['36', '44', '49', '52', '57']",1,2014-02-12
"['24', '25', '34', '37', '54']",29,2014-02-08
"['8', '17', '32', '57', '59']",24,2014-02-05
"['5', '12', '15', '27', '38']",7,2014-02-01
"['11', '23', '28', '32', '47']",20,2014-01-29
"['8', '12', '18', '55', '57']",2,2014-01-25
"['1', '2', '7', '9', '55']",29,2014-01-22
"['13', '14', '19', '31', '38']",25,2014-01-18
"['7', '8', '9', '24', '29']",25,2014-01-15
"['10', '15', '33', '48', '54']",34,2014-01-11
"['10', '28', '39', '47', '58']",22,2014-01-08
"['19', '20', '37', '41', '58']",14,2014-01-04
"['15', '24', '40', '48', '52']",23,2014-01-01
"['8', '35', '44', '51', '56']",18,2013-12-28
"['23', '28', '38', '39', '56']",32,2013-12-25
"['25', '36', '40', '45', '51']",8,2013-12-21
"['7', '24', '37', '39', '40']",1,2013-12-18
"['14', '25', '32', '33', '41']",34,2013-12-14
"['1', '10', '13', '18', '19']",27,2013-12-11
"['13', '20', '32', '45', '48']",17,2013-12-07
"['6', '9', '11', '31', '44']",25,2013-12-04
"['5', '26', '44', '45', '57']",29,2013-11-30
"['18', '25', '50', '55', '57']",17,2013-11-27
"['5', '12', '43', '52', '55']",10,2013-11-23
"['4', '18', '23', '32', '45']",7,2013-11-20
"['10', '29', '37', '44', '59']",10,2013-11-16
"['5', '31', '50', '55', '56']",9,2013-11-13
"['3', '9', '37', '49', '56']",32,2013-11-09
"['1', '5', '10', '15', '49']",22,2013-11-06
"['13', '23', '24', '27', '40']",17,2013-11-02
"['2', '36', '40', '49', '54']",10,2013-10-30
"['4', '6', '34', '49', '56']",29,2013-10-26
"['3', '23', '31', '34', '47']",13,2013-10-23
"['9', '33', '54', '56', '57']",5,2013-10-19
"['3', '26', '28', '34', '42']",28,2013-10-16
"['8', '10', '26', '57', '58']",4,2013-10-12
"['3', '9', '19', '33', '38']",18,2013-10-09
"['11', '12', '17', '39', '40']",5,2013-10-05
"['4', '6', '25', '42', '51']",17,2013-10-02
"['14', '47', '52', '53', '54']",5,2013-09-28
"['2', '7', '17', '49', '53']",23,2013-09-25
"['12', '17', '45', '54', '58']",13,2013-09-21
"['7', '10', '22', '32', '35']",19,2013-09-18
"['1', '17', '25', '37', '44']",20,2013-09-14
"['11', '19', '33', '42', '52']",33,2013-09-11
"['2', '19', '22', '26', '45']",24,2013-09-07
"['2', '9', '26', '45', '47']",11,2013-09-04
"['2', '7', '25', '40', '56']",20,2013-08-31
"['6', '7', '9', '19', '32']",13,2013-08-28
"['12', '17', '25', '45', '59']",19,2013-08-24
"['30', '40', '42', '46', '48']",23,2013-08-21
"['18', '21', '46', '54', '56']",23,2013-08-17
"['4', '11', '17', '43', '51']",20,2013-08-14
"['4', '12', '14', '37', '58']",13,2013-08-10
"['5', '25', '30', '58', '59']",32,2013-08-07
"['21', '24', '36', '42', '45']",15,2013-08-03
"['8', '24', '39', '49', '59']",5,2013-07-31
"['9', '23', '40', '53', '58']",6,2013-07-27
"['9', '29', '40', '44', '54']",7,2013-07-24
"['14', '25', '27', '38', '58']",6,2013-07-20
"['1', '22', '34', '38', '42']",17,2013-07-17
"['2', '8', '22', '35', '37']",6,2013-07-13
"['30', '31', '45', '55', '59']",27,2013-07-10
"['2', '13', '35', '36', '52']",11,2013-07-06
"['3', '6', '29', '40', '51']",4,2013-07-03
"['8', '28', '30', '53', '56']",16,2013-06-29
"['1', '18', '33', '39', '46']",33,2013-06-26
"['13', '19', '23', '33', '57']",28,2013-06-22
"['7', '46', '47', '52', '57']",17,2013-06-19
"['28', '36', '40', '48', '55']",1,2013-06-15
"['16', '22', '23', '42', '55']",32,2013-06-12
"['2', '11', '22', '26', '32']",19,2013-06-08
"['4', '26', '33', '36', '55']",32,2013-06-05
"['22', '28', '33', '53', '59']",14,2013-06-01
"['9', '14', '17', '49', '57']",2,2013-05-29
"['2', '6', '19', '21', '27']",25,2013-05-25
"['9', '31', '35', '41', '57']",26,2013-05-22
"['10', '13', '14', '22', '52']",11,2013-05-18
"['2', '11', '26', '34', '41']",32,2013-05-15
"['6', '13', '19', '23', '43']",16,2013-05-11
"['21', '22', '26', '30', '57']",27,2013-05-08
"['7', '12', '26', '36', '40']",17,2013-05-04
"['22', '26', '31', '54', '55']",18,2013-05-01
"['3', '23', '48', '54', '55']",5,2013-04-27
"['9', '19', '31', '56', '59']",2,2013-04-24
"['6', '8', '30', '39', '48']",20,2013-04-20
"['13', '18', '36', '48', '58']",28,2013-04-17
"['10', '12', '31', '56', '57']",33,2013-04-13
"['1', '36', '40', '52', '53']",20,2013-04-10
"['4', '7', '8', '29', '39']",24,2013-04-06
"['1', '6', '8', '12', '35']",3,2013-04-03
"['11', '23', '26', '46', '55']",27,2013-03-30
"['7', '37', '43', '48', '52']",16,2013-03-27
"['17', '29', '31', '52', '53']",31,2013-03-23
"['13', '14', '17', '43', '54']",15,2013-03-20
"['3', '7', '21', '44', '53']",16,2013-03-16
"['5', '9', '28', '32', '38']",29,2013-03-13
"['10', '37', '40', '46', '52']",12,2013-03-09
"['6', '10', '23', '41', '45']",1,2013-03-06
"['3', '8', '13', '41', '56']",16,2013-03-02
"['3', '14', '20', '34', '48']",21,2013-02-27
"['2', '5', '31', '39', '41']",29,2013-02-23
"['3', '17', '19', '25', '32']",17,2013-02-20
"['15', '16', '46', '50', '58']",29,2013-02-16
"['12', '23', '25', '27', '43']",29,2013-02-13
"['5', '6', '16', '36', '58']",3,2013-02-09
"['5', '27', '36', '38', '41']",12,2013-02-06
"['11', '16', '33', '40', '41']",34,2013-02-02
"['14', '16', '32', '47', '52']",16,2013-01-30
"['3', '22', '26', '41', '49']",18,2013-01-26
"['11', '12', '24', '43', '45']",9,2013-01-23
"['8', '28', '29', '34', '38']",35,2013-01-19
"['9', '21', '28', '32', '51']",35,2013-01-16
"['10', '14', '21', '23', '47']",7,2013-01-12
"['11', '13', '20', '27', '59']",26,2013-01-09
"['26', '30', '49', '51', '54']",25,2013-01-05
"['18', '20', '28', '35', '53']",20,2013-01-02
"['36', '46', '50', '52', '55']",14,2012-12-29
"['11', '13', '23', '43', '54']",4,2012-12-26
"['1', '18', '35', '39', '44']",11,2012-12-22
"['5', '8', '20', '23', '30']",3,2012-12-19
"['15', '23', '40', '44', '55']",14,2012-12-15
"['8', '10', '25', '36', '44']",28,2012-12-12
"['7', '23', '26', '40', '53']",21,2012-12-08
"['13', '17', '19', '27', '38']",12,2012-12-05
"['3', '10', '19', '36', '46']",3,2012-12-01
"['5', '16', '22', '23', '29']",6,2012-11-28
"['22', '32', '37', '44', '50']",34,2012-11-24
"['8', '18', '24', '30', '39']",26,2012-11-21
"['3', '15', '27', '58', '59']",20,2012-11-17
"['8', '10', '30', '44', '58']",13,2012-11-14
"['32', '42', '50', '54', '55']",32,2012-11-10
"['32', '34', '45', '52', '58']",20,2012-11-07
"['4', '7', '9', '30', '54']",25,2012-11-03
"['1', '27', '31', '45', '48']",5,2012-10-31
"['22', '32', '34', '36', '56']",33,2012-10-27
"['3', '18', '21', '23', '50']",4,2012-10-24
"['4', '21', '28', '31', '44']",10,2012-10-20
"['1', '7', '10', '23', '42']",35,2012-10-17
"['2', '5', '25', '26', '49']",18,2012-10-13
"['18', '26', '29', '35', '43']",28,2012-10-10
"['15', '26', '34', '36', '59']",35,2012-10-06
"['17', '23', '36', '55', '59']",10,2012-10-03
"['14', '18', '28', '29', '57']",8,2012-09-29
"['13', '26', '39', '41', '42']",10,2012-09-26
"['2', '16', '18', '40', '42']",33,2012-09-22
"['1', '5', '8', '39', '50']",23,2012-09-19
"['3', '20', '26', '43', '48']",1,2012-09-15
"['24', '33', '36', '48', '56']",6,2012-09-12
"['6', '20', '34', '44', '48']",29,2012-09-08
"['4', '19', '26', '42', '51']",29,2012-09-05
"['8', '11', '21', '44', '49']",22,2012-09-01
"['25', '28', '49', '54', '56']",28,2012-08-29
"['1', '6', '7', '20', '49']",23,2012-08-25
"['22', '29', '31', '47', '55']",19,2012-08-22
"['14', '26', '41', '55', '59']",1,2012-08-18
"['6', '27', '46', '51', '56']",21,2012-08-15
"['4', '13', '39', '46', '51']",1,2012-08-11
"['3', '7', '11', '15', '28']",12,2012-08-08
"['19', '30', '48', '53', '55']",18,2012-08-04
"['3', '16', '48', '56', '58']",4,2012-08-01
"['5', '6', '13', '36', '50']",13,2012-07-28
"['3', '14', '35', '38', '46']",16,2012-07-25
"['9', '31', '38', '54', '56']",20,2012-07-21
"['2', '5', '20', '23', '57']",3,2012-07-18
"['4', '16', '32', '37', '46']",13,2012-07-14
"['5', '22', '36', '49', '55']",23,2012-07-11
"['3', '5', '29', '39', '59']",29,2012-07-07
"['14', '19', '35', '39', '56']",33,2012-07-04
"['7', '15', '20', '41', '44']",22,2012-06-30
"['6', '34', '40', '46', '58']",6,2012-06-27
"['1', '3', '41', '44', '53']",30,2012-06-23
"['11', '17', '29', '56', '57']",14,2012-06-20
"['8', '14', '15', '16', '27']",26,2012-06-16
"['7', '10', '14', '33', '57']",18,2012-06-13
"['18', '22', '45', '56', '57']",27,2012-06-09
"['19', '30', '33', '48', '59']",27,2012-06-06
"['9', '10', '17', '29', '45']",33,2012-06-02
"['9', '10', '24', '52', '56']",14,2012-05-30
"['13', '14', '41', '49', '59']",14,2012-05-26
"['4', '7', '26', '53', '59']",32,2012-05-23
"['8', '13', '35', '46', '51']",30,2012-05-19
"['3', '7', '21', '28', '43']",2,2012-05-16
"['10', '24', '35', '53', '58']",22,2012-05-12
"['1', '7', '11', '55', '56']",1,2012-05-09
"['9', '12', '20', '44', '59']",23,2012-05-05
"['7', '8', '33', '38', '50']",29,2012-05-02
"['31', '39', '40', '57', '58']",33,2012-04-28
"['4', '25', '29', '34', '43']",29,2012-04-25
"['6', '8', '20', '42', '51']",16,2012-04-21
"['20', '22', '39', '46', '49']",29,2012-04-18
"['14', '15', '16', '19', '24']",2,2012-04-14
"['16', '23', '42', '44', '47']",2,2012-04-11
"['5', '13', '17', '20', '30']",18,2012-04-07
"['1', '24', '33', '45', '49']",6,2012-04-04
"['5', '14', '36', '54', '58']",27,2012-03-31
"['11', '16', '29', '50', '58']",33,2012-03-28
"['1', '15', '35', '37', '47']",8,2012-03-24
"['32', '43', '53', '55', '56']",6,2012-03-21
"['11', '14', '49', '55', '58']",30,2012-03-17
"['1', '8', '41', '46', '59']",24,2012-03-14
"['5', '14', '17', '20', '41']",5,2012-03-10
"['12', '35', '45', '46', '47']",12,2012-03-07
"['29', '30', '45', '47', '49']",35,2012-03-03
"['1', '4', '11', '23', '26']",14,2012-02-29
"['6', '11', '42', '53', '54']",7,2012-02-25
"['7', '16', '17', '39', '51']",32,2012-02-22
"['23', '28', '50', '56', '59']",5,2012-02-18
"['11', '12', '32', '52', '56']",11,2012-02-15
"['1', '10', '37', '52', '57']",11,2012-02-11
"['17', '28', '38', '39', '51']",33,2012-02-08
"['15', '23', '43', '45', '56']",7,2012-02-04
"['8', '13', '17', '34', '59']",35,2012-02-01
"['5', '33', '41', '54', '59']",13,2012-01-28
"['4', '19', '28', '29', '47']",5,2012-01-25
"['12', '24', '43', '44', '45']",7,2012-01-21
"['6', '29', '34', '44', '50']",28,2012-01-18
"['10', '30', '36', '38', '41']",1,2012-01-14
"['5', '19', '29', '45', '47']",25,2012-01-11
"['3', '21', '24', '38', '39']",24,2012-01-07
"['21', '35', '46', '47', '50']",2,2012-01-04
"['5', '23', '25', '28', '40']",34,2011-12-31
"['16', '21', '27', '41', '45']",14,2011-12-28
"['14', '16', '30', '51', '52']",19,2011-12-24
"['10', '13', '15', '31', '54']",18,2011-12-21
"['13', '28', '49', '51', '59']",33,2011-12-17
"['2', '24', '46', '52', '56']",19,2011-12-14
"['4', '19', '33', '41', '59']",9,2011-12-10
"['3', '14', '20', '39', '40']",37,2011-12-07
"['5', '18', '33', '43', '45']",8,2011-12-03
"['2', '6', '34', '35', '47']",22,2011-11-30
"['20', '37', '39', '45', '55']",28,2011-11-26
"['4', '30', '35', '57', '59']",25,2011-11-23
"['9', '16', '17', '28', '30']",11,2011-11-19
"['13', '22', '25', '39', '51']",28,2011-11-16
"['4', '35', '36', '51', '56']",8,2011-11-12
"['5', '35', '57', '58', '59']",12,2011-11-09
"['2', '33', '39', '40', '43']",26,2011-11-05
"['12', '14', '34', '39', '46']",36,2011-11-02
"['11', '16', '40', '51', '56']",38,2011-10-29
"['1', '18', '21', '39', '55']",6,2011-10-26
"['3', '8', '23', '30', '58']",13,2011-10-22
"['16', '26', '35', '52', '58']",2,2011-10-19
"['5', '10', '24', '38', '43']",1,2011-10-15
"['10', '12', '23', '43', '47']",18,2011-10-12
"['3', '27', '35', '37', '45']",31,2011-10-08
"['7', '20', '43', '46', '54']",17,2011-10-05
"['1', '12', '23', '27', '43']",31,2011-10-01
"['30', '41', '50', '51', '53']",8,2011-09-28
"['3', '4', '12', '27', '44']",26,2011-09-24
"['12', '47', '48', '52', '55']",13,2011-09-21
"['6', '20', '22', '32', '43']",11,2011-09-17
"['16', '41', '42', '50', '59']",5,2011-09-14
"['4', '19', '22', '32', '53']",24,2011-09-10
"['3', '5', '18', '27', '54']",13,2011-09-07
"['15', '25', '52', '53', '54']",2,2011-09-03
"['13', '19', '35', '47', '57']",29,2011-08-31
"['2', '12', '25', '54', '58']",14,2011-08-27
"['9', '13', '47', '49', '53']",39,2011-08-24
"['2', '17', '23', '28', '47']",36,2011-08-20
"['18', '28', '31', '48', '52']",37,2011-08-17
"['9', '12', '35', '50', '58']",4,2011-08-13
"['11', '18', '36', '41', '46']",38,2011-08-10
"['25', '30', '54', '57', '59']",6,2011-08-06
"['13', '19', '21', '28', '49']",11,2011-08-03
"['20', '40', '41', '47', '55']",19,2011-07-30
"['38', '40', '41', '51', '59']",33,2011-07-27
"['1', '7', '27', '38', '48']",30,2011-07-23
"['1', '4', '38', '40', '42']",17,2011-07-20
"['24', '28', '48', '50', '54']",25,2011-07-16
"['8', '18', '19', '32', '54']",8,2011-07-13
"['1', '9', '11', '23', '31']",6,2011-07-09
"['11', '15', '24', '50', '55']",8,2011-07-06
"['1', '11', '18', '29', '51']",32,2011-07-02
"['24', '30', '45', '57', '59']",26,2011-06-29
"['18', '36', '39', '41', '57']",12,2011-06-25
"['12', '15', '19', '46', '59']",12,2011-06-22
"['12', '21', '22', '38', '41']",18,2011-06-18
"['19', '20', '38', '41', '43']",29,2011-06-15
"['16', '18', '27', '36', '50']",8,2011-06-11
"['14', '37', '44', '45', '53']",29,2011-06-08
"['17', '19', '39', '41', '58']",21,2011-06-04
"['8', '18', '38', '46', '56']",31,2011-06-01
"['12', '20', '43', '51', '55']",11,2011-05-28
"['4', '23', '31', '42', '50']",23,2011-05-25
"['2', '8', '40', '49', '50']",36,2011-05-21
"['7', '12', '13', '42', '49']",16,2011-05-18
"['8', '17', '18', '40', '44']",16,2011-05-14
"['9', '17', '32', '43', '45']",31,2011-05-11
"['2', '11', '27', '47', '55']",15,2011-05-07
"['3', '15', '27', '29', '41']",24,2011-05-04
"['6', '13', '15', '32', '41']",3,2011-04-30
"['4', '24', '40', '44', '55']",5,2011-04-27
"['3', '11', '47', '48', '58']",19,2011-04-23
"['9', '24', '34', '36', '43']",27,2011-04-20
"['21', '33', '44', '45', '55']",7,2011-04-16
"['4', '23', '39', '49', '50']",39,2011-04-13
"['5', '14', '32', '53', '56']",11,2011-04-09
"['10', '18', '41', '55', '56']",15,2011-04-06
"['6', '22', '34', '43', '45']",23,2011-04-02
"['19', '20', '42', '56', '58']",37,2011-03-30
"['4', '10', '11', '19', '33']",27,2011-03-26
"['5', '15', '26', '28', '32']",9,2011-03-23
"['3', '11', '20', '27', '46']",8,2011-03-19
"['28', '39', '40', '48', '53']",9,2011-03-16
"['1', '4', '12', '41', '47']",3,2011-03-12
"['12', '20', '28', '40', '48']",8,2011-03-09
"['2', '23', '31', '42', '48']",21,2011-03-05
"['7', '31', '50', '51', '58']",6,2011-03-02
"['4', '13', '17', '21', '45']",10,2011-02-26
"['29', '32', '36', '39', '49']",29,2011-02-23
"['3', '12', '34', '37', '42']",36,2011-02-19
"['9', '13', '21', '23', '48']",24,2011-02-16
"['11', '32', '36', '48', '52']",19,2011-02-12
"['7', '11', '39', '42', '51']",30,2011-02-09
"['15', '37', '41', '56', '59']",5,2011-02-05
"['3', '14', '33', '53', '57']",36,2011-02-02
"['24', '28', '45', '49', '52']",2,2011-01-29
"['4', '5', '36', '47', '58']",6,2011-01-26
"['30', '31', '34', '45', '51']",23,2011-01-22
"['22', '36', '51', '56', '59']",32,2011-01-19
"['9', '13', '22', '23', '37']",31,2011-01-15
"['19', '21', '23', '40', '48']",27,2011-01-12
"['6', '7', '26', '33', '52']",24,2011-01-08
"['22', '26', '32', '38', '40']",7,2011-01-05
"['18', '22', '37', '47', '54']",36,2011-01-01
"['3', '16', '18', '20', '37']",30,2010-12-29
"['1', '17', '38', '50', '52']",24,2010-12-25
"['11', '33', '44', '46', '47']",12,2010-12-22
"['4', '11', '19', '33', '43']",14,2010-12-18
"['10', '11', '18', '32', '45']",18,2010-12-15
"['1', '8', '10', '19', '20']",23,2010-12-11
"['8', '11', '25', '41', '58']",16,2010-12-08
"['13', '24', '27', '31', '42']",22,2010-12-04
"['5', '10', '11', '12', '20']",2,2010-12-01
"['10', '30', '37', '47', '54']",39,2010-11-27
"['8', '20', '21', '32', '37']",4,2010-11-24
"['10', '12', '38', '53', '57']",1,2010-11-20
"['14', '16', '53', '54', '59']",5,2010-11-17
"['17', '30', '48', '51', '54']",29,2010-11-13
"['5', '8', '11', '40', '44']",10,2010-11-10
"['7', '12', '23', '34', '38']",33,2010-11-06
"['34', '38', '39', '45', '50']",33,2010-11-03
"['1', '7', '27', '36', '49']",39,2010-10-30
"['20', '24', '25', '53', '59']",15,2010-10-27
"['2', '7', '16', '20', '46']",34,2010-10-23
"['7', '17', '20', '39', '59']",17,2010-10-20
"['11', '12', '15', '16', '28']",11,2010-10-16
"['12', '22', '32', '34', '46']",2,2010-10-13
"['2', '6', '32', '42', '49']",35,2010-10-09
"['14', '26', '37', '41', '46']",24,2010-10-06
"['12', '20', '30', '36', '47']",25,2010-10-02
"['13', '44', '51', '52', '55']",30,2010-09-29
"['8', '16', '27', '35', '42']",30,2010-09-25
"['10', '24', '36', '52', '55']",15,2010-09-22
"['1', '18', '37', '39', '44']",13,2010-09-18
"['7', '20', '21', '34', '43']",34,2010-09-15
"['7', '17', '20', '36', '59']",33,2010-09-11
"['10', '35', '39', '51', '57']",20,2010-09-08
"['11', '14', '22', '33', '42']",38,2010-09-04
"['17', '20', '21', '40', '51']",19,2010-09-01
"['4', '22', '27', '32', '56']",13,2010-08-28
"['16', '17', '29', '31', '36']",23,2010-08-25
"['7', '10', '12', '22', '27']",26,2010-08-21
"['4', '32', '33', '47', '55']",39,2010-08-18
"['9', '33', '36', '50', '58']",31,2010-08-14
"['7', '10', '22', '23', '52']",29,2010-08-11
"['4', '22', '26', '31', '52']",30,2010-08-07
"['19', '28', '30', '37', '53']",36,2010-08-04
"['1', '16', '17', '41', '57']",15,2010-07-31
"['1', '11', '20', '25', '27']",2,2010-07-28
"['20', '30', '38', '46', '59']",27,2010-07-24
"['16', '22', '30', '51', '58']",25,2010-07-21
"['22', '27', '35', '37', '45']",3,2010-07-17
"['20', '21', '23', '38', '42']",6,2010-07-14
"['20', '21', '27', '28', '56']",4,2010-07-10
"['10', '41', '44', '48', '56']",4,2010-07-07
"['3', '10', '14', '52', '53']",3,2010-07-03
"['6', '38', '43', '47', '48']",27,2010-06-30
"['13', '30', '32', '38', '57']",25,2010-06-26
"['11', '30', '45', '47', '48']",10,2010-06-23
"['9', '30', '31', '50', '54']",39,2010-06-19
"['8', '11', '18', '29', '36']",6,2010-06-16
"['9', '12', '13', '35', '38']",30,2010-06-12
"['14', '22', '27', '32', '49']",5,2010-06-09
"['18', '34', '40', '48', '59']",25,2010-06-05
"['4', '9', '14', '39', '43']",38,2010-06-02
"['1', '3', '24', '28', '41']",10,2010-05-29
"['1', '6', '10', '13', '20']",32,2010-05-26
"['19', '20', '40', '47', '57']",29,2010-05-22
"['2', '7', '29', '55', '58']",27,2010-05-19
"['15', '21', '23', '28', '36']",20,2010-05-15
"['37', '51', '52', '53', '58']",38,2010-05-12
"['5', '22', '34', '41', '57']",31,2010-05-08
"['13', '34', '40', '47', '57']",11,2010-05-05
"['16', '23', '25', '49', '58']",20,2010-05-01
"['12', '22', '25', '28', '44']",24,2010-04-28
"['1', '12', '53', '56', '57']",5,2010-04-24
"['11', '34', '41', '49', '55']",20,2010-04-21
"['5', '21', '22', '41', '49']",15,2010-04-17
"['6', '14', '32', '38', '52']",20,2010-04-14
"['21', '22', '49', '52', '58']",34,2010-04-10
"['4', '36', '40', '44', '52']",33,2010-04-07
"['10', '15', '31', '52', '59']",4,2010-04-03
"['5', '13', '17', '45', '54']",12,2010-03-31
"['7', '21', '32', '44', '52']",10,2010-03-27
"['14', '20', '24', '39', '49']",7,2010-03-24
"['9', '36', '39', '44', '45']",9,2010-03-20
"['24', '26', '45', '48', '55']",8,2010-03-17
"['6', '16', '20', '31', '36']",8,2010-03-13
"['17', '21', '37', '41', '50']",1,2010-03-10
"['10', '29', '33', '41', '59']",15,2010-03-06
"['7', '9', '14', '45', '49']",23,2010-03-03
"['18', '47', '51', '53', '58']",30,2010-02-27
"['4', '17', '35', '50', '57']",12,2010-02-24
"['13', '27', '37', '41', '54']",32,2010-02-20
"['7', '8', '19', '26', '36']",15,2010-02-17
"['10', '14', '30', '40', '51']",1,2010-02-13
"['5', '8', '29', '37', '38']",34,2010-02-10
"['14', '22', '52', '54', '59']",4,2010-02-06
"['17', '22', '36', '37', '52']",24,2010-02-03
